{"trips": [
    {
        "initialBudget": 5000,
        "transportationBookingCode": "",
        "startMonth": 6,
        "startDay": 1,
        "destination": "Paris",
        "startYear": 2022,
        "bookingNumberAccommodation": "",
        "completed": true,
        "endYear": 2022,
        "packingList": [],
        "balance": 5000,
        "totalAmountSpent": 0,
        "endDay": 10,
        "name": "Trip to Paris",
        "accommodation": "Hotel",
        "restaurants": [],
        "attractions": ["Eiffel Tower"],
        "endMonth": 6,
        "methodOfArrival": "Flight"
    },
    {
        "initialBudget": 8000,
        "transportationBookingCode": "",
        "startMonth": 8,
        "startDay": 10,
        "destination": "USA",
        "startYear": 2022,
        "bookingNumberAccommodation": "",
        "completed": true,
        "endYear": 2022,
        "packingList": ["Grand Canyon"],
        "balance": 8000,
        "totalAmountSpent": 0,
        "endDay": 30,
        "name": "Road Trip USA",
        "accommodation": "Motel",
        "restaurants": [],
        "attractions": [],
        "endMonth": 9,
        "methodOfArrival": "Car"
    },
    {
        "initialBudget": 18000,
        "transportationBookingCode": "",
        "startMonth": 8,
        "startDay": 9,
        "destination": "USA",
        "startYear": 2022,
        "bookingNumberAccommodation": "",
        "completed": true,
        "endYear": 2022,
        "packingList": [],
        "balance": 18000,
        "totalAmountSpent": 0,
        "endDay": 15,
        "name": "Trip New York",
        "accommodation": "Hotel",
        "restaurants": ["11 Maddison"],
        "attractions": [],
        "endMonth": 8,
        "methodOfArrival": "Plain"
    }
]}